"x1","x2","class"
0.432281393228142,0.522603834458371,0
0.224129290308135,0.0078477780672257,0
0.182060156303004,0.180749697172065,0
-0.158370030040791,-0.536275426469433,0
-0.117938279778121,0.870026328604876,0
-0.256653846489707,0.612261565583837,0
-0.0716496379472987,0.35343142508724,0
0.0713949934884525,-0.87978784388097,0
-0.0172910438354656,0.69487753280084,0
0.00673778110140981,-0.450087876178513,0
-0.755841902687544,-0.480936388747907,0
-0.0929079414338095,0.26509722953221,0
-0.802723878160588,-0.238921784304975,0
-0.135680988811887,0.771526688549358,0
-0.926289533260282,0.0672436005076376,0
-0.315015648886251,-0.299434642318618,0
-0.94552104001797,-0.304975038990757,0
-0.285529331193392,-0.412090935756531,0
0.478421367954609,0.468954072352282,0
-0.352904282824172,-0.769257959555981,0
-0.204538895815787,0.19250901763424,0
0.250189150781501,0.68836445016051,0
0.0435836358224187,-0.614209773740982,0
-0.874159193127028,-0.128772979343444,0
0.660248188960473,0.375683804429558,0
-0.585284998091806,-0.685362066014289,0
0.54989288623614,0.262570163812644,0
-0.0816370010788287,-0.34781052690162,0
-0.877656581081231,-0.4170190944546,0
-0.409505105201323,0.766542660724433,0
0.157702141621368,0.605003862499279,0
0.386280217054064,0.665039950826976,0
0.514607117977239,0.255656985352385,0
-0.839403116461308,-0.226218064954756,0
-0.836196555541987,0.211643854266459,0
0.042743036639375,-0.518187303779019,0
-0.889966224329973,-0.00269387200871884,0
0.501136224710283,-0.784445747813253,0
-0.0229253786498661,0.309958736684551,0
-0.701339622547849,0.232446000714312,0
-0.316813364935254,-0.15447051035286,0
0.0518043235308069,-0.568339409362828,0
0.63320847201388,-0.703872245645275,0
-0.137381442510062,-0.335037842414643,0
-0.222312923563436,0.636020597018349,0
-0.925905046371919,-0.209954268250731,0
0.286346955393927,0.581224585652683,0
0.400330626473311,0.504110240544849,0
-0.942160615508575,-0.0598195406438794,0
-0.224561643474715,-0.274664196990584,0
0.109210525464714,0.249723792978444,0
-0.201469451273639,-0.267229588921909,0
-0.675783976096488,0.293515327412657,0
-0.100110462327661,0.296334872202987,0
-0.839943702217413,-0.18462210041984,0
0.0746933379885941,0.0756384969775611,0
0.543301058315911,0.320127729652713,0
-0.0721352811698003,-0.949989973430518,0
0.63150104670621,-0.151265221094359,0
0.0359247040006829,-0.0807759426852258,0
0.222962209945422,-0.46587678507688,0
0.552098687749633,-0.0531712140040286,0
0.340840898145707,0.478931440755767,0
-0.0162851507360668,0.641320317048824,0
0.459877374605836,0.395257940620736,0
-0.205675884290785,0.166502310712572,0
-0.461501256249498,-0.0227053627980987,0
-0.431622094476897,-0.725156765809193,0
-0.917549947712604,-0.347138183863961,0
-0.570847763859639,-0.695339769786035,0
-0.671922464569417,0.266520704112378,0
0.583965352227384,-0.0614006979929738,0
0.370875866082849,0.505478339715088,0
-0.843311353528269,0.283730710082236,0
-0.63790701307626,-0.740591581126458,0
-0.767874148545357,0.218178933615843,0
-0.299700360831216,-0.0500779276676825,0
-0.88998444809035,0.103121014131875,0
-0.501929057966535,-0.0818857401238259,0
0.605348805292915,-0.775180579369751,0
-0.89842219729576,0.30594089684622,0
0.181262200392471,0.10148290428532,0
-0.786243658056005,0.0393992485034627,0
0.0396516992442801,-0.00550786314348729,0
-0.773782701611043,0.317567272680124,0
0.116328869448321,0.102916325923064,0
-0.486398080583877,-0.842417398611076,0
0.221385370568979,0.603402745310709,0
0.15047140793147,-0.00288773920985077,0
-0.912223353178501,-0.13508915140815,0
-0.0554366588138764,0.35026801296606,0
-0.949147635597289,-0.0524853009922025,0
0.457142716221544,-0.238840398775362,0
-0.0796075583052031,0.233181396983918,0
-0.919001237973993,0.167861351595474,0
-0.209563642392928,0.325976585250532,0
-0.172581237709169,0.362222854404005,0
-0.800157133794253,0.13942612470522,0
0.231370813218423,-0.940779966260693,0
-0.904133133274877,-0.425513889308077,0
-0.405287653177265,0.621354887246154,0
-0.291115952481685,0.790875516452583,0
0.541285319083868,0.259089884053935,0
-0.331001002795142,0.672386421454864,0
-0.2825241736456,-0.0433210446995478,0
0.178591171273987,-0.43179436933761,0
0.61869735370277,-0.0309992774429249,0
0.608897028022611,0.00330584350220963,0
0.339097187438316,0.570855168926467,0
-0.436742555928669,-0.888061719115767,0
0.10728330288595,0.76709619050113,0
-0.235077481111513,-0.408950149002002,0
-0.314460377711855,0.762469793679773,0
0.708172232845974,-0.0620337018583814,0
-0.91663895956624,-0.160742254779418,0
-0.337698623549404,-0.922757001589252,0
-0.322809628260231,-0.122291278181749,0
0.261098214583394,0.581658515605857,0
0.0445515200100069,0.0386244681383996,0
0.483463625018038,-0.477320493721381,0
-0.310088115281637,-0.455527022324005,0
-0.509605673811301,-0.656410766128965,0
-0.859128253700829,-0.498581418172875,0
-0.0844030042335591,-0.916862354654914,0
-0.787025103251703,0.160128812186921,0
-0.391175480030849,0.703348852165432,0
-0.186922086003629,0.198688253744755,0
-0.208294720606151,-0.351105181509212,0
0.652589470862676,0.373224836883601,0
0.532177164425927,-0.142316593239508,0
0.658139991712475,0.00930925641726048,0
-0.76799517697004,-0.155389754472264,0
0.787574890292025,-0.581749844621722,0
0.548239411834381,0.241705004992787,0
-0.878875458297208,0.382182871455085,0
0.576381530549481,-0.75443785744591,0
0.0144580034179025,-0.952817978250889,0
-0.147801850865009,-0.544662540510042,0
-0.852128696407485,0.333464538335314,0
0.630582632614869,-0.00603587495438951,0
0.684753878311922,-0.214474554951113,0
-0.814259435521909,0.0230558164352777,0
-0.452497984183114,0.7201699583891,0
0.103885927178052,0.716357306869509,0
-0.887935524048174,0.130550516749575,0
-0.104462833047367,0.664315864897745,0
0.0842996194964798,0.0405714857314021,0
-0.905276155527951,0.0811968999721298,0
0.251330561280808,0.0542590365909088,0
-0.507186321395151,0.701730844828106,0
-0.248129655983599,-0.351338474962862,0
-0.532560396158669,0.646926815912174,0
0.18326684895913,0.0699709105346425,0
0.0822968976132594,0.165060786899485,0
-0.41950125819106,0.013776351359455,0
0.507325617610406,0.359140227408667,0
-0.0387361390375711,-0.0659949402595073,0
0.690655397304266,0.12520173091599,0
0.190786278590566,0.221793887263426,0
-0.863801409511093,0.418450613301909,0
0.674413378259376,-0.0200336067337297,0
0.349713981712601,0.712966337546389,0
-0.146053890117695,0.680615049539031,0
-0.342489520613341,0.808291282506495,0
-0.41937804853492,-0.133981667010801,0
-0.756770346411047,0.364109990606371,0
-0.335231923811413,0.257601107965981,0
-0.829745435891859,0.122296611224318,0
-0.932826785574728,-0.184860300561553,0
0.125894774694881,0.151869639308006,0
0.0329616466036813,-0.539794394410311,0
-0.751040358039467,-0.477427162751376,0
-0.678299802004144,-0.521329618579226,0
0.171656627657015,-0.610728860401284,0
0.508861492372981,-0.452952139573742,0
0.305035195108723,-0.32860604721997,0
-0.235596088849209,-0.472523168670915,0
0.715405959914109,0.277246026231894,0
0.100237940691383,0.32565906158441,0
-0.971172393581217,-0.178907952914079,0
0.373919102626688,0.730812960656131,0
-0.792286113457152,0.308703523480982,0
0.0879472304293579,0.696840978149647,0
-0.720070456273025,-0.3677935790874,0
0.587788910479178,-0.0191362188415274,0
-0.887893346974422,-0.369895114253137,0
-0.839464295713704,0.147385584917209,0
-0.441319605551278,0.683548905954043,0
0.183995610795858,0.232777937107045,0
0.838252866019559,-0.498940156122216,0
0.266145531004909,0.568787796316808,0
-0.354482253570076,0.701390959739216,0
0.32039372163127,-0.394331565015593,0
0.357793041637465,-0.309707345463454,0
0.296582498473885,-0.574202003171955,0
0.24453099387814,-0.896553753891291,0
-0.141687290056482,0.31169631209194,0
-0.411547103150172,-0.901138153394185,0
0.323479273629623,-0.429053681519721,0
-0.327795495823279,-0.827654840758176,0
-0.372421778944584,-0.190594068962382,0
-0.222829571751164,0.670596742111676,0
0.610083839633344,-0.123654214891115,0
-0.174420070798055,-0.555931603258024,0
0.185194600975974,0.73513687225239,0
-0.918070473423893,0.177320686455826,0
-0.574604696147374,0.543515021342555,0
0.0481970240269658,0.00495213644386549,0
-0.688147184823738,0.487882485468944,0
0.00650591258193087,0.812526403619816,0
-0.260095072024843,0.165519754076873,0
-0.235534683732472,0.682259993000689,0
-0.732826187982724,0.367534936777316,0
-0.101555829648885,0.335141044595234,0
-0.616804268358839,-0.546741269607565,0
0.233582263823542,0.744582043664394,0
-0.200286288820066,0.342631688278655,0
0.0742951049160955,-0.405212053880878,0
0.0954200953292618,0.114174244750393,0
0.581345977012198,0.514152589069846,0
-0.630426108779739,-0.62213945118014,0
0.160740661303288,0.187320515257254,0
0.540202520978474,-0.832128042686848,0
-0.748426357256432,0.425881966473546,0
-0.756638296839486,-0.155350185566952,0
0.199435742496039,-0.921231106052427,0
-0.746200800574068,0.382783728951829,0
0.0977557712320518,0.180543515867793,0
-0.23712369109365,-0.46018495316313,0
-0.365438375396789,-0.271729447781829,0
0.599442795110198,0.54183092211553,0
-0.80328864445117,0.493650188337598,0
0.182150511812611,0.12206955492173,0
-0.739712758094349,-0.24162582734717,0
-0.237508996739946,-0.533141118651519,0
0.0971886703659454,0.669341537017994,0
-0.276020805732827,0.755995239156714,0
-0.450571038641063,-0.783233212278331,0
-0.787388533634115,-0.267735648471135,0
0.236820044460595,0.708902742964207,0
-0.391040889989765,-0.877856221918313,0
-0.0996691271651519,0.780527995156314,0
0.206583864787818,0.0443929010411116,0
-0.0809304019505224,-0.965568097924129,0
-0.273090030394829,-0.341481743229642,0
-0.482961097810181,-0.00165975881689514,0
0.468978487419725,-0.250524547018948,0
-0.059112634287941,0.816148895701837,0
-0.251963204504819,-0.474307023020443,0
0.128985917108425,0.16765094764361,0
-0.826760224476044,0.161096625783336,0
-0.103539633255381,-0.439944262120883,0
-0.232286540225497,0.264207213367164,0
-0.648415916626046,0.387529852582369,0
-0.435780514335342,0.555543444223472,0
-0.507220400789015,0.616930815074539,0
-0.223887049604243,-0.437288581304347,0
-0.438959997307567,0.707777498747594,0
-0.702429620017727,0.483354287013034,0
0.0564477605048546,0.236739690089168,0
-0.179272432008013,0.138106138329334,0
0.173738649440881,-0.880422856040349,0
0.757942120449382,-0.64014502711449,0
0.664987513396145,-0.057440783032043,0
-0.694420434374019,-0.600883256504406,0
0.306877931606186,0.596967489228134,0
-0.997310727166288,-0.0215504871529256,0
-0.304103677008698,-0.380722391813909,0
-0.0384049052200635,0.260730987353247,0
-0.235599334146758,0.297855148003444,0
0.31336095205542,0.539216782648394,0
0.216669311146204,0.0909929526270812,0
-0.900557597726945,-0.022733540622486,0
-0.191476698925529,0.100541304983726,0
-0.307912589736263,0.199317774832405,0
-0.13347896426392,-0.360737835886289,0
0.194250871564443,0.214351495591611,0
0.165177182362392,-0.0905908498449307,0
-0.30531003728336,-0.406952423349538,0
0.183469792856377,0.235321097187286,0
-0.676595877223829,0.541041475063039,0
0.201958641650623,-0.930861528656351,0
0.12727278184022,0.712889868145957,0
-0.205408035717509,-0.945835841089545,0
0.191310682197213,0.153173860545093,0
0.44758597085854,-0.412960199083601,0
0.00657321970585095,-0.488319939133125,0
0.571607194539507,-0.0902822184554766,0
-0.407385263448002,-0.357155109495129,0
0.637901790296965,-0.177887710818255,0
-0.220787435394466,-0.242028837512462,0
-0.109457339252296,0.26134087429608,0
-0.8271189104486,0.455148427574894,0
0.439684301503812,-0.480637619627523,0
0.145718276908344,0.144042082754549,0
-0.0983642934517619,0.282233867553555,0
-0.0113848452129282,0.180336531659284,0
-0.187770243575614,0.188692445222916,0
-0.0303625776091045,0.170421652056336,0
0.143506470859194,-0.0788827937651427,0
-0.526693718867038,0.625249026955693,0
0.181222547711775,0.10754374437469,0
0.516918860088572,0.0846928570638264,0
-0.465559571233139,0.509685890871244,0
0.305985778995528,-0.325667011475674,0
0.031079934931209,-0.441379672194166,0
0.844653307962665,-0.494487620725098,0
0.577073228604766,0.0986071335875044,0
0.59365314872248,-0.239751012955861,0
0.15557004435997,0.24361696267231,0
-0.0335140171600803,-0.408155358776345,0
-0.0151136016662075,-0.893246980547818,0
0.498603991023499,0.406238815576154,0
0.504969144359982,-0.845476889255866,0
0.464857449984641,0.40376240203881,0
0.350225166781149,0.724928694557908,0
0.299484753651845,0.720461197578883,0
0.617618819482552,0.316593168488407,0
-0.0560825881947641,-0.903786393673228,0
0.635743652327538,0.274124210735122,0
-0.552783804045652,-0.787197211189158,0
-0.746906406451313,-0.54011794126907,0
-0.558241498231341,0.698291625430382,0
0.445427157748814,0.605871507508525,0
0.122386741309734,-0.463442582573277,0
-0.0301824240589574,-0.570371003894146,0
-0.574783575979171,0.692697302075069,0
-0.406180482428721,-0.116076359437091,0
0.597111635206905,-0.286960963982353,0
-0.415835513914811,0.0633089973493682,0
0.153267394343242,0.0619187818635726,0
-0.135697119768533,-0.981474491771617,0
0.521157291951375,0.577757443374604,0
-0.344193332094388,0.0829304647098691,0
-0.253030045511447,-0.246672258753034,0
-0.0365026760449554,-0.0366542372506295,0
0.520154846524224,0.0809095890653903,0
-0.0592004174086747,0.660961790121923,0
0.27889739783113,-0.569917997181669,0
-0.774392205408698,0.537988255540894,0
0.0880733062400545,-0.0993801182516769,0
-0.18321823760584,0.774454796025871,0
-0.0272665812358292,0.830829365531692,0
-0.0790808392128537,0.721083132383986,0
0.372063278342754,-0.406781904465686,0
0.169485496379879,-0.384770027586651,0
-0.751495176618565,-0.578423317045066,0
-0.843117548431186,-0.474955837659058,0
-0.543683905473987,-0.821069452034613,0
0.561521776986788,-0.256500342805309,0
0.16680402587692,0.717553742961579,0
-0.352828365942394,0.12495737218018,0
-0.407524791348149,-0.337414561780472,0
0.601768684528007,-0.770933648064207,0
-0.754108007318443,-0.205391130505096,0
-0.465997460868089,-0.0914799830439457,0
-0.834127233359431,-0.106883070230803,0
0.295589831076881,0.542872929390704,0
-0.755603505025253,-0.410072564468476,0
-0.410532143680865,-0.0438192778786534,0
0.416530762350586,-0.361743667025012,0
0.376532395991542,0.466536445871234,0
0.15771628640973,-0.892055604192671,0
-0.572554744287743,0.62110404432641,0
-0.538685214786953,0.57216841951072,0
0.563565805824515,0.44130048968638,0
-0.80002778654449,-0.284828338616516,0
-0.504632641131248,-0.812306490535109,0
0.0570111136493913,0.811991990296214,0
-0.863584729585816,-0.190774636125016,0
0.499663564440587,-0.1619614410036,0
0.130160055332058,-0.529454723985283,0
0.126004139490096,0.634788941328076,0
-0.154049109879293,0.769175601337796,0
0.175186426785595,-0.0253257902908628,0
-0.589692960366932,0.561815639654171,0
0.382250820288827,0.616133292350987,0
0.697105910542317,0.0826993382388349,0
-0.449081255126992,-0.139418214210569,0
-0.0571971056717807,-0.563854305836899,0
-0.780954728463944,-0.0951086335645243,0
-0.487075887850466,0.679638085634006,0
-0.201942962721396,-0.397088812938206,0
0.2183991711345,0.059628883312868,0
-0.275080247609569,0.11111801497029,0
0.509259988564106,-0.310990823975779,0
0.681209880698883,0.0394125364391278,0
0.00157606742511901,-0.407961402326168,0
-0.000426848016010839,0.187397096293743,0
-0.586364398415293,0.678777681849017,0
-0.759859006989761,0.475746545072479,0
-0.101347153046242,0.219389789723758,0
0.618772489990454,0.272003500759817,0
-0.31920415578483,-0.869956605731931,0
0.797851470665997,-0.601250639725956,0
0.144919647646214,0.208762697485383,0
-0.243313536113707,0.316099608819142,0
-0.737316214472272,0.423818960209996,0
-0.246042577342375,0.758604254415536,0
0.483884537079879,0.479484541100754,0
-0.635564526049092,0.39988422723698,0
0.0907549542915636,0.086335441067754,0
-0.0143955010707109,0.720493173158055,0
-0.216532641251299,0.825094650546271,0
0.459186131478689,-0.465475768409915,0
-0.349768852891295,-0.900775478759839,0
-0.157768482120932,0.314315628678152,0
-0.350559866450183,-0.115979644982238,0
-0.337010878203071,0.264188211181484,0
-0.16007636761448,-0.317088713218028,0
-0.499569760869455,0.752690512271163,0
0.792901845548557,-0.539601201245616,0
-0.343777896380185,-0.799878517945774,0
-0.332269775240816,-0.88431803095585,0
-0.960982302474454,-0.253591855552748,0
-0.600372128064841,-0.745268928792252,0
0.576590732535224,-0.164804321160969,0
-0.046059861466046,0.299804335436907,0
-0.13424342047982,0.169167052885472,0
-0.631396950967118,0.663603392494548,0
0.0636109015217609,0.198618038613106,0
-0.715099443949335,0.254592953332757,0
0.634589127235754,-0.10980329260466,0
0.36185346422586,0.445635391665158,0
-0.160061546963506,0.864551211713574,0
-0.243959664274434,0.665571211235561,0
0.0782682162696393,-0.931820675619433,0
0.0706532121626209,-0.00883270612172635,0
-0.842212586574187,0.158865620017192,0
-0.659434267199212,0.634452911589273,0
-0.0466674721416627,-0.504836646598419,0
-0.613137852619997,0.41056404182578,0
-0.723757533627274,0.351992545369102,0
-0.471987284435502,0.736703853157419,0
0.530798332519016,0.281054346936207,0
-0.37620950292548,-0.328907898408266,0
0.689001531068056,-0.141637161065862,0
0.697471650282383,-0.0497119831937218,0
-0.067726577461885,-0.588767435173431,0
-0.347430723540987,0.0148491244039966,0
-0.0509199343396117,0.788309756127848,0
-0.322327874539133,0.0183547798765589,0
0.109812093089367,0.300088861910747,0
-0.113738152018531,0.775371505612286,0
0.100191359488666,0.205683559401862,0
-0.415588103952734,0.669104492007125,0
-0.777649138376235,-0.248070439715196,0
0.49130869206724,-0.0749450449829046,0
-0.0201071990238552,-0.59986492468941,0
0.0324702326301335,-0.466077892602781,0
0.043436604114219,0.0920618657391012,0
-0.886804537990583,0.2352767369399,0
0.430424395534748,0.515143313873232,0
-0.760052693958986,0.441360499292461,0
0.059848078619668,0.172017528956034,0
0.196495139900413,0.0106166679799685,0
-0.122349494436389,-0.966569365088431,0
-0.84803284436293,-0.184092198172057,0
0.377478932087389,-0.497866213464993,0
0.486423737096785,-0.352591728149951,0
-0.39657428155675,0.715259637651038,0
-0.771907574878325,0.463449539103845,0
-0.663984630147206,-0.74658005612055,0
0.394112954410002,-0.525006794022606,0
0.0665300726246749,0.18624550873318,0
-0.331596926561657,-0.934492742187058,0
0.369832257166794,-0.918161242080779,0
0.404247855377657,-0.892414430173743,0
0.0170178983726807,-0.571098798751223,0
0.0728312829509723,-0.493801626772523,0
0.287484030321821,0.767388004977064,0
0.0324874067515435,-0.396400620983672,0
0.539672962235598,0.56508865513512,0
-0.248295882674688,0.255988357623999,0
-0.15392226283822,0.130027862319677,0
-0.81884280005257,0.142915887104794,0
0.105912301530458,0.319063339258083,0
0.503759702413814,-0.154643205910663,0
0.308850213333911,-0.873332718280155,0
0.557976053643461,0.545050222368503,0
-0.753294513668492,-0.494934084736944,0
0.0663254686598116,-0.620702432388469,0
-0.836991558217927,-0.38431933391066,0
0.567909793637867,0.177774438207584,0
0.665857854254941,0.423186172920938,0
0.0700934507075392,-0.13565698208365,0
-0.390492528564592,-0.881504261285177,0
-0.988385663375616,-0.0184621114089477,0
-0.0910810300163667,0.773507602985933,0
-0.177459192279373,0.162407248472391,0
-0.0543514252862926,0.319054888582558,0
-0.797646884358736,0.267426358652206,0
0.645407545150169,-0.760051005211319,0
-0.253561713369295,0.857832872131051,0
0.518995658061763,-0.304580112946635,0
0.641805721130616,-0.739387485301658,0
0.136960393264629,-0.88772791546144,0
0.485906469482882,0.572324519007389,0
0.21805229770028,0.189677097780344,0
0.516913316358464,0.615996231344266,0
0.987303669010305,0.0769801351530599,1
-0.124358122777404,-0.310141767724742,1
0.65980030257542,-0.508753014379657,1
-0.0280901081070071,-0.809952706436208,1
-0.10822275256687,-0.105026013354191,1
-0.539681032624845,0.00313791037034543,1
0.160400142527315,-0.364835692012658,1
-0.0289200838093805,0.0802289511232072,1
0.854918527008546,0.205667684102968,1
0.485395972807858,-0.630844112671341,1
-0.402513406557276,0.341686731795674,1
0.168875282554155,-0.868646002441005,1
-0.153989654237256,0.538983981151614,1
0.711741367357781,-0.605993848163326,1
0.273888374730769,-0.615956405536123,1
0.21146841939448,-0.31415898608599,1
-0.0463773228026997,-0.717557997958515,1
-0.237471992620943,-0.171732084985936,1
0.397919689076495,0.213583633734334,1
0.243287496569727,-0.746502196987104,1
0.0176243782144309,0.0853009310680723,1
0.282340791209038,-0.0502895229468486,1
0.694446454271307,0.614461588174255,1
-0.561645877873288,0.287156773259349,1
0.469212451720009,0.736782917853091,1
0.508374768407683,0.809085355225162,1
-0.235430926439758,-0.786606636435358,1
-0.0277297274019771,0.468488086696941,1
-0.633535963542674,-0.0867972551837696,1
-0.13227784319764,0.107398296966148,1
-0.264696967582765,-0.542833448571723,1
-0.695597784711491,-0.0726144427068235,1
0.320953747937053,0.836115131889284,1
0.111328384529733,0.599229145296192,1
0.344803779021493,-0.760207493369035,1
-0.705383602677601,0.147970534629027,1
-0.0643279927452423,-0.0652535133991752,1
0.27045274923352,0.386913707817449,1
-0.644578983436741,-0.299779638110263,1
0.460280476995733,-0.528166674983741,1
0.183505012233233,0.403630384484919,1
-0.712257620066252,0.133504910473057,1
-0.527713202172231,-0.500689714754354,1
-0.202373340318206,-0.156288436608563,1
-0.289982600716257,0.554443278774997,1
0.349994603368571,0.212998832406617,1
0.344834954140741,0.252587303251794,1
-0.268238190631572,0.859173059039121,1
0.183797628593303,-0.781018064767343,1
0.451260935083735,0.182686264374173,1
0.870797837552039,-0.0676524147789842,1
-0.513759084451778,0.0265817988842351,1
-0.468387490187473,-0.455146298113088,1
0.388877689286964,-0.126328660949245,1
-0.501746648925235,-0.557612582156308,1
0.272115022034475,0.295255215308015,1
0.011556110229411,0.529105785019248,1
0.779286804804969,0.441174213154057,1
0.354744744260647,-0.0879604120397297,1
0.475972083102591,0.777058727558261,1
0.397638133802801,0.038993691407838,1
-0.577188236787146,-0.377667666621466,1
0.165120574403143,0.403837733415595,1
0.234052513484151,-0.795535789033092,1
0.372055345028645,-0.080897622819627,1
-0.0146181826983492,-0.198457299935459,1
0.132507218030991,-0.245008088556787,1
-0.647473096675555,-0.0751117395480883,1
0.432579197000291,0.862149963360556,1
0.861875398153823,0.0612559732790974,1
-0.355929594403004,-0.615203475550226,1
0.243739720646106,-0.333250881745975,1
0.401353995043518,-0.141579315576068,1
0.294296812025558,0.286127652374485,1
0.344920791020521,-0.58314275190956,1
0.277066463563013,-0.259558163336432,1
0.372834998517075,0.285825768634318,1
0.43528450507759,0.0674025464582766,1
-0.22054595457679,-0.823654423787175,1
0.871515957604329,-0.086916969786997,1
0.54364187036661,0.690456428667687,1
0.492187858824179,0.836002769404016,1
-0.186849426707041,0.939918737361734,1
-0.613353935786497,0.127451990549184,1
-0.0536660650845388,-0.860803277608811,1
-0.645833769180431,-0.202763180330486,1
-0.05114811231588,0.465079053362519,1
0.541105600866207,0.777128057050729,1
-0.0652552178630141,0.945812911792333,1
-0.450755681849341,-0.331348644884932,1
-0.107582103038165,-0.217200085677569,1
0.835683997213434,0.431806345715883,1
-0.471811696373446,-0.389517461276914,1
-0.678057119622294,-0.37222676892548,1
0.247890670828586,0.514779092943853,1
0.365148378368729,-0.0135512553613456,1
0.211464077926454,-0.672884953390543,1
-0.394914009855426,0.465058493128581,1
-0.173426514278458,-0.832746609042729,1
0.114650471809821,-0.21502651308125,1
0.986618002168762,0.0429620344779899,1
0.143356805821526,-0.773799719417376,1
0.00162945228872988,-0.33389307865981,1
-0.69069242185786,0.202668699829995,1
-0.444275766900056,-0.502128009953083,1
0.227743690539056,0.842513887793406,1
0.742359740859075,-0.221607784331926,1
0.759004505432832,0.0534062799122941,1
0.140276140451033,0.94451010279381,1
0.355381544322266,0.0635144135577734,1
-0.296122835538708,-0.570685962572341,1
0.248523130473268,0.514758738884254,1
-0.369355612010172,0.330867775582661,1
-0.0791475761841552,-0.334315092555533,1
-0.525109507269349,-0.124450012781333,1
0.761244870491095,-0.352366313414478,1
0.271958083274317,-0.793564897962568,1
0.923606431338876,0.209537794006892,1
0.560940048658846,0.677241715207421,1
-0.00379070063039729,-0.833762656848451,1
-0.224889156457241,-0.0419787038645805,1
-0.48879778232371,-0.337248883040264,1
0.689022060487414,-0.583958428056071,1
-0.363898424127237,-0.743505850893695,1
0.770323651486885,-0.133509852368416,1
0.109592739315722,0.451403613056836,1
-0.242004634609353,-0.66380269983784,1
0.437880510488585,-0.0634993641468826,1
-0.516557610133417,-0.483854833500751,1
0.864590242636766,0.395892112623706,1
0.401048132504934,-0.164165130799463,1
-0.816287787662866,0.532353764706389,1
0.415793749395292,0.0242173926456462,1
-0.42288420026865,-0.429748377856511,1
0.069811956422758,0.908978711987825,1
0.456643825060508,-0.556326101503243,1
0.843961321784703,0.366209117945226,1
-0.428621124042662,-0.402886549206812,1
0.568621065948451,-0.679873816774502,1
0.762798411973643,0.0993136567926092,1
0.232658212590168,-0.831851424309847,1
0.605727368832079,-0.619129996196173,1
0.593604180203928,-0.482988696741012,1
-0.0179742033365458,-0.328739608324761,1
0.219575334973663,0.422727966298539,1
0.622812377997341,0.682703289858329,1
0.189446912590106,0.875662559699259,1
0.482329921978952,0.231705208545875,1
-0.34288128914239,0.537564241857535,1
0.52087686803398,0.707482426070851,1
0.122256728163534,0.330955420072431,1
-0.67795354167657,-0.125440149854665,1
0.961470629335179,-0.0701747589145534,1
-0.523891852863502,-0.56514521538514,1
0.072043051019645,-0.315243679297452,1
0.769724357870052,0.467377087025005,1
-0.47765071391746,0.152165815685265,1
-0.08378999542336,-0.859498621991306,1
-0.00226387457130359,0.0963012759412997,1
0.395745522020052,0.744761691410565,1
0.0498247652503361,0.544789007231906,1
-0.272809631143885,-0.563452659732903,1
0.324485703942764,-0.161402537576038,1
0.832185532188924,0.266133092203063,1
-0.265192619101144,0.510710931630695,1
0.163077597538747,0.860868791597151,1
0.432804293832137,-0.80496197016784,1
0.177935031143878,-0.66903077087645,1
0.477447827611171,0.725160583732149,1
0.0196081557682459,-0.652400756130893,1
-0.441194041489137,-0.525556548802156,1
0.788892409355651,-0.0561738228661068,1
-0.0580338823494792,0.00471892329564026,1
0.634255642215504,-0.475217424960176,1
-0.663811787572473,0.216105837150555,1
-0.569119699231275,-0.564696570895103,1
-0.0393778729847165,-0.739810636463185,1
-0.409440940772886,0.521766444971352,1
-0.621274731434422,-0.413467209958969,1
0.475746626751484,0.138920558491516,1
-0.000801272658513511,0.424615331208246,1
-0.322909784994119,0.857276063390021,1
0.586722118554436,-0.515626252692966,1
0.35029556638969,0.924050595603841,1
0.362515498703547,0.0899662331869001,1
-0.656227345992898,0.0226188926611151,1
0.323077244855313,0.188277516067271,1
0.3679581254863,0.424946819493251,1
0.725948045937462,0.564193127744757,1
0.138689169119104,0.48307141437548,1
-0.508669343609555,0.0589033542898324,1
0.760024105119301,-0.155173510714447,1
-0.827281207692872,0.493993416829114,1
0.685974275039611,-0.486344142797035,1
0.394441457899435,-0.015397037501278,1
-0.480132835061377,-0.273779268003535,1
0.00827783678588396,0.0357942043457635,1
0.950418474442181,0.0858261236568483,1
0.94472480408204,0.11751630850932,1
0.368845328940382,0.144448841555529,1
0.388304547428602,-0.753511246686172,1
0.711735678269947,-0.528021491178974,1
0.994039581097386,0.0580989187964209,1
-0.140620858964629,0.40391433660041,1
0.741955203343112,-0.0594114152075262,1
0.0801599366573157,-0.836309506852884,1
0.224498961304809,0.877813581987876,1
0.620747130265424,0.749615766075666,1
0.387818491596399,0.781472480398994,1
0.443379453667121,0.0333385025597226,1
-0.73854868236471,-0.06497496181935,1
0.516823353189856,-0.721398299882067,1
0.724511422018854,0.560457550249698,1
-0.471502238563374,0.44342391325834,1
0.170892972226252,0.404433706968284,1
-0.177669405022627,0.969728097605525,1
0.823990241206925,-0.0811986758749765,1
-0.28324887645493,-0.736645401672449,1
0.940067637070273,-0.0639613701642362,1
-0.251067189733683,0.388992361340367,1
0.97444101100903,0.162976619561194,1
0.313107768232992,0.0650883515917714,1
-0.089652438464051,0.457901906021334,1
0.303247497908769,-0.221137437702496,1
-0.0906771755680574,0.115292534383775,1
0.105635172129964,-0.655876824104681,1
-0.571754314026702,0.0100925199630719,1
0.478671954365769,-0.0656814624103027,1
-0.245769284287092,0.436632093881137,1
-0.658449637123487,0.0276360291618874,1
0.367712522123073,-0.085497250139189,1
-0.0538917001840009,-0.0213374650679645,1
-0.338612327188367,0.288201057092183,1
0.277831380026005,0.213060191295901,1
0.372834354202268,-0.714575251804574,1
0.0372593446687757,-0.259116148277399,1
0.0709622982255804,0.985678046936616,1
0.774406937438773,-0.210197306739129,1
0.667370974645396,-0.361461114699673,1
-0.562594658784006,0.0174267835995231,1
-0.119756766194699,0.50730227604069,1
-0.225832724375224,-0.603621087381016,1
-0.328668537641348,-0.75628647562832,1
0.645183303847604,-0.469179360615781,1
-0.118265899772172,-0.635001043612149,1
0.833328779362448,0.0305789777178907,1
0.833980226839509,-0.411802031166208,1
-0.561958078715633,-0.376897316908698,1
-0.17889641450375,0.397895792629623,1
0.413128717855587,-0.114968836600312,1
0.311732894497543,-0.712312551970987,1
0.300714645166751,-0.239438866343452,1
0.790254811691989,0.395494462377261,1
-0.0961004215189373,-0.634341524310832,1
0.350081988416331,0.263975557123288,1
-0.294778842303668,0.459370462479912,1
0.474463346269786,0.222843890331191,1
0.452891957453197,0.256864217344833,1
-0.0336549143608621,-0.237372898419961,1
-0.514781959124118,0.107301065951649,1
0.120520724161913,-0.346759225211193,1
-0.371477161310205,-0.442294584220258,1
0.703568729712782,-0.415539956101059,1
0.624114530034339,0.749329683424824,1
0.0206417098183466,-0.25728535111756,1
-0.147402235245912,0.461570902402319,1
0.268595988975761,0.157154779643622,1
0.211626719182202,-0.243481821699223,1
0.812766853259707,-0.387378160044442,1
0.425636791963469,0.0470373104640742,1
0.416948379290699,0.0112146280611986,1
0.968754254589944,-0.0236889265380657,1
-0.243114393258407,0.903352457543929,1
0.454711179713299,0.773173067455637,1
0.0366977529647933,0.411708902984616,1
0.22087254849167,0.834959680622625,1
-0.389708794293738,-0.557732328836094,1
-0.114184213341866,-0.731020015458486,1
-0.669988830147465,0.201033589631924,1
-0.654544774940758,-0.0442456691876579,1
-0.601086888574288,-0.19038344740239,1
-0.091495631986401,0.0329601433908507,1
0.117151656699559,-0.729939712313167,1
0.862239788953476,-0.0538889656533846,1
-0.730267259292009,0.0166252549287267,1
-0.354350700674632,-0.58146674579089,1
-0.461766467447846,0.49321646194697,1
0.864224811998888,0.351497592278568,1
0.977063436872512,-0.113410530820239,1
0.730393859082262,-0.242882708648175,1
0.907896492960727,-0.159674037760161,1
-0.192014518689355,0.891921845207231,1
-0.55340446210499,0.109537278846187,1
0.762093896401153,-0.381653360582438,1
-0.690874280657402,0.0931288536906857,1
0.0358247064636857,0.997273688349328,1
-0.0177014683519174,0.990175498607295,1
0.402351305310804,-0.548158260546819,1
0.330745902017692,-0.0394195880489413,1
0.514133986689654,-0.491010975378048,1
-0.111364611327817,-0.683629272144125,1
-0.341164616437321,0.467138788244768,1
-0.20718443873631,0.584828460813371,1
-0.0967943383902651,-0.816684032278584,1
0.623849669339667,-0.369688352526954,1
0.286409087090494,-0.0421404116535468,1
-0.460282286089455,0.353092693793595,1
-0.110009507108521,-0.778977111912324,1
0.215622948588076,0.9247282099014,1
-0.0588819833444573,0.102012182753104,1
-0.490820023240107,-0.525605565811814,1
0.216340409273179,0.438178654714477,1
-0.411257887902114,0.416844815153437,1
-0.661038654651923,-0.185483195389309,1
0.236977954506625,-0.193250207113991,1
0.806686290107864,0.452383018367545,1
0.0592296858096485,0.96248898184906,1
-0.643432407439427,0.186290295231623,1
-0.313527297456914,-0.575326260380651,1
-0.245333637640946,-0.0580569999091826,1
-0.121672694668476,0.897962458011626,1
0.674817724748973,-0.355390447560244,1
0.616430742831708,-0.363262012043194,1
0.155752424613732,-0.308125383812982,1
0.794939498102929,0.495940678871452,1
0.777873820216173,0.518869588945939,1
0.398139489844815,-0.140663907208256,1
-0.807281696674074,0.513432361133122,1
0.392479826603369,-0.00970436623196039,1
0.818836526413684,-0.0840499686135136,1
0.202966127533401,0.944701499030867,1
-0.122860066518161,-0.710987992195096,1
-0.640182100513541,-0.128800306146134,1
-0.0789662634392334,0.506115829745462,1
0.869884443042107,-0.345831780599122,1
0.570532780287755,0.811648306168793,1
0.264992287812002,-0.744573568553003,1
0.802576536525274,0.482149534744448,1
-0.215182938503385,-0.125899245505712,1
-0.0416228272518404,0.60286061534916,1
0.812524379650756,0.229266196446451,1
-0.374118693330209,-0.693941901627322,1
0.792823020927648,-0.352920336488096,1
-0.583529714359957,0.178575212206859,1
-0.594904822406913,0.291915116640141,1
-0.582502364257993,-0.499730096228673,1
-0.661026809797618,-0.140900342627428,1
-0.59204642743296,-0.221093978234221,1
0.370190183528582,0.0518840050424686,1
0.473228016620399,-0.570507882624853,1
0.773663675033092,-0.460719132292847,1
0.40132017876419,0.149752798077322,1
0.632000896122561,-0.413496389253299,1
0.512623637491173,0.770796667289205,1
0.836507851551284,0.306959088543552,1
0.673980929011006,0.711401953848267,1
0.566357857023335,-0.444468659127993,1
-0.159262800188109,0.41618447161746,1
-0.172452545131337,0.0865965527668141,1
0.852402883576766,-0.214052570844406,1
-0.604358686333903,-0.258649862708192,1
0.860499983398276,-0.116372989192627,1
-0.178066625277693,-0.769364531140446,1
-0.0352841204149072,-0.674258735526342,1
0.295832529527969,-0.0416529079308123,1
0.295323371489358,-0.127030054645594,1
-0.559755377237279,0.195612434126496,1
-0.257166303736701,0.500674546624434,1
0.373923922434108,0.247502341330347,1
-0.48506782088134,-0.35988662941268,1
0.942736016631466,0.208014678042296,1
0.232845844094866,-0.630086020557913,1
-0.0694478321054529,0.939800777911872,1
0.855600832770514,0.38751454827068,1
0.926362185249377,-0.0186582723743507,1
-0.145957562735374,0.0796582730093015,1
0.336310317663139,0.431744908967579,1
-0.469381725729599,-0.590508733751394,1
0.84652407087134,-0.167227624938002,1
-0.649779329271712,-0.0332686637267485,1
-0.00784690249771085,-0.694211576353745,1
-0.408421822355358,-0.708937465057218,1
0.93402345405886,0.278725300687837,1
-0.522741626986285,-0.536000551998391,1
0.321344190777547,0.42795830194659,1
-0.615101646249551,0.215223784873283,1
-0.165459290183516,0.942203341744635,1
0.30318203004211,-0.604799842595126,1
0.285434261262488,-0.662478723163722,1
0.280529479082503,0.400566978843927,1
-0.391201532375969,0.301700945760024,1
0.992343164327965,0.0423481238590201,1
0.0371000475008612,-0.178342603744088,1
0.517468384150116,-0.756063276696129,1
-0.124438784280115,-0.761671878985717,1
-0.215176717391183,0.449556001394412,1
0.904488664224866,-0.112801977613251,1
0.48681035639081,0.0706315198738167,1
0.704604677053547,-0.508788517535997,1
-0.445177060966002,0.456318592155271,1
0.339238606456527,-0.264420396465264,1
-0.0593314198787042,-0.158052497447511,1
0.287620161862568,0.824166207811879,1
0.221603579804216,-0.667353065456671,1
-0.505634602251172,-0.597156212979198,1
0.741140334135435,-0.0817866765586545,1
0.259136953964365,0.279083490566439,1
0.110557159366467,-0.785196349938632,1
0.255504454420402,-0.140204679683938,1
0.775280088472299,-0.199449802630876,1
-0.518388620735849,0.774484506902745,1
-0.0221280291096607,0.560080371662559,1
0.107176673577553,-0.843762546355798,1
-0.067071737872376,0.589975531159269,1
0.982915181233121,-0.0736566013862655,1
-0.457318884619523,-0.597505346262357,1
-0.18532074156188,-0.00707678680642487,1
-0.509821335083416,-0.112460650475669,1
0.361439571764674,-0.702318043521935,1
-0.667765191124686,0.0601112180722729,1
-0.58944462115874,-0.0367571514896589,1
-0.351990825801116,0.358835047429319,1
0.879053747920485,-0.147234800566432,1
-0.368432029833926,-0.651796013285551,1
0.069403115822707,0.475641166087035,1
0.00580599352605327,0.411933844464252,1
0.928048739256673,0.282100058024244,1
0.659134987250437,0.751202245271999,1
0.16208641661814,-0.865895786832659,1
0.0244530160268773,-0.216433668861376,1
0.833736721798382,0.485307409934683,1
-0.411450880079746,0.498756144356532,1
-0.918712032514721,0.334770627445486,1
0.794206528751362,-0.180838825922548,1
-0.192654895863612,-0.0801593091497905,1
0.802313544424695,-0.407223960633985,1
-0.693755887713898,-0.104445626490663,1
-0.202724712897316,0.562416466569723,1
-0.542268504204845,0.218594686805264,1
-0.233312829153111,-0.652482073567249,1
-0.00920983897445258,0.0398098677779361,1
0.26781248773013,0.396142962749886,1
0.389178520101155,0.279603770247151,1
0.144982237964432,-0.82057452779373,1
0.0761703908024274,0.887267933771964,1
-0.592896165302634,0.795056424165926,1
-0.332418563577959,0.331606152536292,1
-0.00221065841510935,-0.160409676305669,1
-0.690870628325836,0.169254225184463,1
-0.355502100326715,0.317073831382064,1
0.622574975281424,0.749879660320424,1
0.856226640404815,0.314836622708941,1
0.307189328358871,-0.738873491087649,1
0.67302719358809,0.697144289868761,1
0.401285728816858,0.178440792064954,1
-0.47292560736762,-0.586084441244453,1
0.335228826383114,-0.627956383155473,1
0.160851157362094,0.561948412023634,1
0.507941785319212,-0.485025080876697,1
0.897601341572934,0.102490655480685,1
-0.0399359105805042,0.909966600576338,1
-0.409570092391959,-0.474834770484771,1
0.385404215078986,0.0654893575935454,1
-0.56308553377707,0.762134793411491,1
0.283781486865598,0.485874369976149,1
0.0711030392675059,0.505902819655111,1
-0.421389909075039,-0.617034212899377,1
0.298728927844896,-0.26723953142175,1
-0.0400964377666722,-0.864243429492334,1
-0.706266911923466,0.118284212809517,1
-0.460456304725069,-0.467024820362174,1
0.815699211012388,-0.309197692668768,1
-0.199441821388487,0.515452315744796,1
-0.0615714714559013,0.479687380779703,1
0.499503262603341,-0.696132735172323,1
-0.0443440629696064,0.495062179545156,1
-0.591347127076035,-0.496130426436848,1
0.817034470868963,0.102908987051087,1
-0.603120656936872,-0.387922731210527,1
-0.0460631185632812,0.945984571760691,1
0.655456004878665,0.696000203051665,1
-0.512417908406169,-0.253796509926523,1
-0.448996828050566,0.247075821955618,1
0.298434376652085,0.827729230999592,1
-0.190868950591713,0.425949043693333,1
-0.339138113176886,0.934440544933783,1
0.765874259296612,-0.436599251850319,1
-0.00590214576261414,-0.681176575776602,1
0.537063125718609,-0.606206273168763,1
-0.101396374746612,0.985672661150046,1
-0.316247271499661,0.935117268718863,1
0.0348691752318691,0.881123814162789,1
0.217221015282375,-0.841359907974707,1
0.0500377240346045,-0.81510736929419,1
0.0484076564120809,0.396714681819722,1
-0.609984132915867,-0.399206057898417,1
-0.400279241561226,0.293888801483538,1
0.903485908634404,0.356745801375881,1
-0.660929282764818,-0.0413890463314845,1
0.628105214540911,0.564389402133174,1
